eps1,eps2,ax,ay,az,eul_z,eul_y,eul_x,tx,ty,tz
1.151212618020709622e+00,5.638268986163025298e-01,8.211372696157213935e-02,2.980525694200582554e-01,9.490635065754120248e-02,-4.285385926256634059e-01,-1.087933209232955570e-02,-2.537461296089639773e-01,7.151118462797304010e-02,-4.969866709152768736e-01,1.223836571153560926e-01
6.256224117535613694e-01,8.880646666319966798e-01,8.048465340253861677e-02,7.510203586684094379e-02,2.186991413391562722e-01,2.909727903803612126e+00,-1.276885765734616651e+00,1.501264060706901882e+00,-1.134760618726742137e-01,-3.480504949153285232e-01,-1.092478323604496697e-02
2.373338451224357021e-02,1.989746761092658911e+00,1.551697376792428862e-01,3.197238752662391326e-01,4.543756773397419346e-01,-1.531068835630025937e+00,-4.460103363708014523e-01,1.478169760564923108e+00,1.939182374274593483e-04,-6.171912001400859937e-01,8.739690368402117104e-02
4.508379901097471221e-01,1.029841407503614192e+00,8.071723353886016417e-02,7.622590164941116242e-02,2.113393358533459387e-01,1.089977769510088956e+00,-1.075800592893618290e+00,3.150764956329003663e+00,1.410890858010994120e-01,-3.467686323484243660e-01,6.614451643436150552e-02
1.190236945113132716e+00,7.495935650072431677e-01,2.229008445164584185e-01,1.596417477819152275e-01,1.775522958902374382e-01,-7.635200136824538131e-01,-3.966806165465345035e+00,2.501693301058791619e+00,1.294984776692956197e-01,-5.815334930088877918e-01,1.781643170512136609e-01
9.800236285356530574e-01,1.203976476396466655e+00,3.200461156898163906e-01,1.161845130317593899e-01,1.001444240581148143e-01,1.870534899743208523e+00,-3.563269331108431803e-01,6.355676016995402966e-01,-1.423581131067346017e-01,-1.093162536260752632e-01,4.928655728111973333e-02
1.725356078149989925e-01,2.055785949804877777e-01,1.398158946763681243e-01,1.777244726934122943e-01,5.183999490554884737e-01,1.568018092047924750e+00,1.266973256209356045e-03,1.542946098263233257e+00,1.625478918654577054e-01,-6.178138064542556540e-01,1.801909244887754669e-01
4.295271579492186409e-01,1.429855075092905548e+00,1.138973026594839594e-01,1.671223768285994837e-01,1.559261167930379444e-01,-1.097627562844127880e+00,-1.086304718539034264e-01,1.824686423368896415e-01,-6.641607898441942437e-01,-6.512721467592850200e-01,1.835761558256431281e-01
1.358199643427818515e+00,8.537505551494969369e-01,2.998113135221598946e-01,1.824459484221011563e-01,1.279550357333341104e-01,-3.040355894431905792e+00,-8.648482942331344736e-01,2.031003034199242219e+00,-5.924692014415960939e-01,-6.369481460969798059e-01,8.765263704536588318e-02
1.169066417665506119e+00,6.204873550559640849e-01,1.415427761656388450e-01,1.838392284330440940e-01,1.045718329518875722e-01,6.694488575044199585e-01,-2.149826525878375527e-01,1.366831185440027463e+00,-6.809912137005504906e-01,-6.518292271658225889e-01,1.662365450230731956e-01
1.745795262405791748e+00,1.816837726778675943e+00,2.609772897424187388e-01,1.750209849207489676e-01,3.212702284345873016e-01,5.460850883989546434e-01,3.641419843052992045e-01,2.937846404965016589e+00,-5.552431431220838931e-01,-6.154520253830625398e-01,1.034621734433251311e-01
1.342369828213796579e+00,3.142783865268276577e-01,3.207492373962415599e-01,1.098023481467234608e-01,2.282361965364836098e-01,1.474378854825569678e-02,7.719215759582449543e-01,-2.931565512786136196e-01,-5.402577824273085971e-01,-6.477799315800162328e-01,9.081055382046433755e-02
1.564906238822185991e-01,1.859269169731451843e+00,1.670760959093615661e-01,1.343477781166698692e-01,3.184042373501799750e-01,7.108278547380342260e-01,-3.365765391534514817e-01,-2.712646505902663319e-01,-5.748440872182773997e-01,-6.478149497719664085e-01,2.509885676597844312e-02
1.116875437020016459e+00,5.406478036107923435e-01,1.728569490349948501e-01,4.249760081189871835e-02,5.664640858898297576e-02,-5.383729191178886486e-01,6.969817997080336447e-01,-1.531438243089067841e+00,-5.497681743071552996e-01,-5.160359428947803445e-02,5.166300409330354740e-03
6.159403513618754156e-01,6.727471131252497072e-01,4.081329181205072265e-01,1.148334993363919199e-01,2.386815646470367147e-01,2.241137336793463941e-02,-7.230557100865152298e-02,3.915215707156224217e-02,-2.455612326674403711e-01,-5.852510495727590856e-01,2.150667248249469310e-01
1.999999999999999778e+00,4.382727228656693730e-01,8.873239634177490509e-02,6.466785329625097944e-02,1.595214464064434734e-01,-1.852843814935748679e+00,1.144135447880851864e+00,-2.048877156150776813e+00,-4.523332032384193568e-01,-7.453110072742347159e-02,-3.192252422375565363e-02
6.881598092721925852e-02,3.543328789290455805e-01,3.889720316844563208e-01,3.141304520712793202e-01,9.930849312609221768e-02,-2.298085153523005131e-04,-1.152755766857112285e-01,-1.570290138160859161e+00,-2.628334368588290393e-01,-6.570326362579637092e-01,3.876525562688832444e-02
6.317421053291309985e-01,1.473516755215103169e+00,2.360894424505148304e-01,3.715426110624833189e-01,1.143302369220965814e-01,-2.977273525277971178e+00,-1.008242626911769912e+00,1.379151405983902734e+00,-3.745994558980936806e-01,-5.831952316334831909e-01,2.172387237648018277e-01
3.136668821201807345e-02,6.555041224189430693e-01,2.277873515041506369e-01,7.339616242393841583e-01,5.013874147392945180e-02,-2.909621967213427585e+00,-1.573229696252953724e+00,1.338734176757038874e+00,-4.976093795193368280e-02,-7.070537825481357785e-01,1.287200952353139416e-01
1.016789784927949469e+00,1.837510020413077871e+00,1.020870673145604784e-01,1.055382823173620505e-01,4.847098307423693825e-02,8.926971375635276429e-01,9.693353112423663820e-01,1.790570312022162547e+00,-4.377387052018146818e-01,-4.461453021414214792e-02,1.135682686556904325e-01
6.728206293533695037e-01,8.063485824865893603e-01,1.949167476114833653e-01,4.368762068497567541e-01,1.125902096867008595e-01,-2.900072572018682848e+00,-1.532597467474074993e+00,1.354095136818081357e+00,-2.227700913696246399e-01,-5.884244306102800470e-01,2.642122646069105518e-01
1.107570689230807481e+00,6.136845926418018626e-01,2.009474476149149536e-01,7.515028325800579556e-02,8.618110566069836498e-02,-1.542144583483860076e+00,5.043976700999641682e-01,-3.943204172311884914e-01,-4.130134718868258559e-01,4.455372450256168959e-02,-3.743999930645847130e-02
1.077212015487461372e+00,5.241636475117807947e-01,7.697839000787115582e-02,2.030589985563862332e-01,8.698782045940806062e-02,2.882548187028611597e+00,-1.352110173093800348e-02,-2.363141830933943144e+00,-3.731424993356997621e-01,-3.099196751024769769e-01,3.142004460598789295e-02
1.128486027229002930e+00,1.169304592940784149e+00,9.525680920062976065e-02,8.745146014184008998e-02,2.267531599700093048e-01,-5.304232407962106155e-01,-9.902664816380647439e-01,-3.998640620657400557e+00,-4.090880038882199754e-01,2.142164309078556806e-03,-4.631957791839021871e-02
1.171628246267927942e+00,9.840383510310404258e-01,1.281291498640613480e-01,2.448547003063940020e-01,1.914517214346755369e-01,2.749018048447574358e+00,-1.178170829036643497e+00,-1.034899706257839114e+00,-2.057298644345621208e-01,2.306461852002964219e-01,5.670901614287082032e-02
4.567230135835507743e-01,1.061822621689385571e+00,7.767644088581028561e-02,8.505984890674259113e-02,1.601737059592697743e-01,2.982242263723654307e+00,6.514765482865811363e-02,2.396303757933656353e+00,-3.727719640552134006e-01,-3.077815711233695128e-01,2.800292981643946050e-02
4.206330382018965558e-02,5.066259096460765665e-01,4.303411144621538953e-01,3.269490233549615654e-01,7.974444401627012180e-02,-3.142445213207059052e+00,1.257617058323287074e-01,1.569660221279388868e+00,-2.258308001426538314e-01,-6.767710666564427102e-01,2.680234990447848131e-02
8.903246366834940417e-01,1.359045188910583013e+00,1.044767184263304671e-01,2.267809200625071353e-01,7.861854159062116321e-02,-1.499880741856410626e+00,-1.982691284466465920e+00,-1.942606411274263811e+00,-3.437170723738645628e-01,-2.108029254787786855e-01,-3.253796730815947114e-02
7.721189539224583287e-01,1.389705573267480343e+00,2.385102399695841480e-01,1.265563025718347556e-01,8.685440776341632474e-02,-1.917612974536082371e+00,1.309547672510671945e-01,-1.187122849696936822e+00,-3.121353279475800879e-01,-1.314007364193564842e-01,-2.019992318356687161e-02
9.505471744472508977e-01,6.663557079105698611e-01,2.304536667269277694e-01,1.809225696567033637e-01,8.420142539325246867e-02,6.642355369281274236e-01,-5.794350932245108110e-01,3.274537471555624690e-01,-2.798683833496072304e-01,-5.171156104136560155e-02,-4.067159096735567352e-03
7.304505559981311347e-01,1.390098164791952140e+00,2.004739197325769162e-01,1.444298363951462827e-01,4.700909567023882352e-02,2.197453926424825787e-01,-3.098608142647530372e-01,-6.710527546669872168e-01,-3.233920247102455292e-01,-2.722221287280133031e-02,1.643612863680900260e-01
6.655743145115968762e-01,9.279087288088452290e-01,1.192568342836790585e-01,1.012411359636839897e-01,1.939844054973024479e-01,-7.591356130903087474e-01,-4.158574142630270254e-01,1.712941655269120123e+00,-3.039518235690191750e-01,2.291998654961925896e-01,2.190732025693546692e-02
8.122714636231739282e-01,6.892557288831006046e-01,1.326168128210858665e-01,4.614660679335629012e-02,1.769631973516483936e-01,-1.886439993958415329e+00,-5.268745875890346042e-01,-9.766102335571981152e-01,-3.109555074000627806e-01,-3.111637898913944059e-02,1.754793729191027052e-01
8.400659452210903488e-01,9.547188959883357029e-01,1.054121160785998768e-01,9.981825027328575239e-02,2.194341183710839249e-01,2.441626711860415799e+00,5.069112593936518918e-01,1.463647372087229614e+00,-3.257838544056181895e-01,2.228822828528820854e-01,1.420946245683818270e-02
4.424621579859514681e-02,3.031696063869542268e-01,4.875032275070771970e-01,3.104714362611794565e-01,9.950454670153190129e-02,3.141203528122026967e+00,4.262815809249859839e-02,1.570644382149943619e+00,-1.549115505636694534e-01,-6.570733090526885700e-01,3.815505345336631104e-02
8.045026054374057045e-01,1.044078667958169976e-01,3.169497550397852303e-01,1.120602101323191768e-01,3.957202535803756582e-01,-2.444650376154421881e-03,-2.473231779205915526e-01,-4.288398846001938852e-02,-3.239652737050513487e-01,-6.453456292229929891e-01,4.212676114432557795e-02
1.132898427395988339e+00,9.542447265972705539e-01,7.966204839307285124e-02,9.533323018133049720e-02,2.063860679734755843e-01,2.851193053376207764e+00,-2.925488393025351908e+00,1.096980934950374742e+00,-3.481926704880359269e-01,-2.301715983392837173e-01,-2.886024172412316596e-02
7.325540391183639199e-01,7.746856020549387489e-01,4.898008908762298275e-02,2.087095704547139163e-01,4.302418684662630277e-02,-7.753514270568532263e-01,1.594694068183565572e-01,-1.176133579367517751e-01,-2.871482130966113155e-01,-3.226592550714806745e-02,-1.194893821488927643e-01
3.843713954776192820e-01,4.596669475046339381e-01,1.020415094022859709e-01,1.148979296360303770e-01,6.525759309281224663e-02,-4.010814546262131963e-01,-1.128705969578811391e-01,3.203146234463813968e-01,-3.001377621359277437e-01,-1.437580759204290237e-01,-7.692248054890141185e-02
6.295723958140067023e-01,6.403068438471668511e-01,1.583816690555324980e-01,4.424517855432211211e-02,9.821767161894853770e-02,1.800660919430907558e-01,-4.979060139882337532e-01,7.860388039966240692e-01,-2.866881344810723320e-01,-5.575519919453320733e-02,2.060893322426071983e-01
6.787736102065313748e-01,1.999999993457055592e+00,1.478616321559855507e-01,2.048872194651608636e-01,8.311988368781907111e-02,2.292172932106488759e+00,-1.105931114469376197e+00,-2.709510520129200462e+00,-3.209681670513922502e-01,-1.729751524362139192e-01,-3.483497574771032140e-02
8.981550025912119484e-01,1.707470967635116743e+00,2.039567985887991430e-01,2.093129934116116087e-01,9.225374062574026590e-02,-5.968853220839706042e-01,-8.489371654629696007e-01,-5.386370995364476721e-01,-2.492474703634695032e-01,2.380316636854054591e-02,8.903205658807791800e-02
8.479244750014535148e-01,7.457153017381702442e-01,1.015902453334007749e-01,3.534452337380751263e-01,1.214624026780551508e-01,-1.578992857604252675e+00,-1.078621343514839737e+00,2.946929409338313807e-02,-2.042223444880056915e-01,-5.971351913609980189e-01,3.534270259036825790e-01
9.194629558617088971e-01,1.419074302716073044e+00,2.708535982351326643e-01,1.981666403528467568e-01,1.236209649494895146e-01,2.441860370599047703e-01,-3.368858927405644632e-01,-1.640839822130467085e-01,-2.153462764402858109e-01,2.188647273955557082e-01,5.329759682074395460e-02
1.204320629573892187e+00,9.966215965192859461e-01,2.399956864504367571e-01,1.281909429323895844e-01,1.835911566263069006e-01,-3.138202045635510196e+00,-2.775440627087106371e+00,1.383570085692086282e+00,-1.938117077446552816e-01,2.422728608363315383e-01,6.080678061307466520e-02
6.466028159113594853e-01,9.812809476465922387e-01,1.399763673883600013e-01,2.511192553130849325e-01,4.286915256120180651e-01,1.570369801556859013e+00,1.983556343031740998e-01,1.524043287844688122e+00,-2.264306816650585308e-01,-6.188901833973892153e-01,2.137787837240189559e-01
6.355860056409151637e-01,8.943691107496997139e-01,4.285314459564692341e-02,4.902931658598109338e-02,2.057805266264985111e-01,2.067622765344359625e-01,-1.439232573759798184e+00,6.013861727200909835e-01,-2.883863462068911865e-01,-3.343577741756309507e-02,-1.205371867680208875e-01
3.072913481124308621e-01,1.196628970426012462e+00,8.205744438774031924e-02,4.973248684994550223e-02,1.138549381472835353e-01,-3.307220833709309638e+00,-3.052427600440303368e-01,-6.693315641305933594e-01,-1.817423918367179481e-01,-2.357714296106788732e-02,2.205364760974480309e-01
9.847621838259693616e-01,1.120841647717873979e+00,1.701616602818836754e-01,1.282767430102043082e-01,2.286754108582607636e-01,1.475711581944973094e+00,1.774186150725940991e-01,1.196920485284211466e+00,-1.932551080457493575e-01,2.443672111051885254e-01,6.082897481341957568e-02
7.489508988668510669e-01,1.003920055919444776e+00,1.049116291294221320e-01,1.224385577078915543e-01,1.329158560763038510e-01,3.403396367866481143e+00,-1.614461812706592170e+00,1.178835760768000895e+00,-9.428639106812859716e-02,4.306469024002033685e-01,3.833951333870414674e-02
1.173980047008018390e+00,7.787451923714595603e-01,5.188814096083776972e-02,1.726134796782154979e-01,1.632187119667848907e-01,7.106533900090777900e-01,-3.278411350706722516e-01,3.133739448127927485e+00,-1.228969188579802363e-01,-5.011010612971063954e-02,1.508183276303781961e-01
8.824967405848329616e-01,2.656097524557990974e-01,1.264616002097360692e-01,2.406677738521672272e-01,1.533974858501317429e-01,-5.171797343294290417e-02,1.193206800570109749e+00,-2.956335984743112988e+00,-2.281072335535314632e-01,9.557227554186420448e-02,4.782366270795278262e-02
1.307978135847050583e+00,9.404544271156642932e-01,1.004948666966478388e-01,2.690128416479006801e-01,1.003921035795170696e-01,1.884338368704921329e+00,-8.231436966763395757e-01,2.828253895548314745e+00,-1.202663540651902341e-01,2.175995135538182079e-01,1.191857685147856005e-01
1.204321178797799874e+00,9.966220079436287627e-01,2.399957199474346270e-01,1.281909602821826033e-01,1.835911785327126733e-01,3.389944978645318633e-03,-3.661521259887602353e-01,1.383570197108856314e+00,-1.938116773551682714e-01,2.422728748291384238e-01,6.080679438820162097e-02
5.002276340390267029e-01,1.259154084561339149e+00,1.431362415036925295e-01,1.387622617222868393e-01,2.945870290213274401e-01,2.335872230414277162e+00,4.217757017853955404e+00,-1.194403683372321057e+00,-2.231557569575990108e-01,9.507559416016059251e-02,4.817612113312640110e-02
1.023725648428465140e+00,6.295996039484309525e-01,1.358932458921054964e-01,1.202350166468105358e-01,1.087874319251911914e-01,1.414892060587916944e+00,1.559272552971355773e-02,2.476999713149593066e-02,-9.389036613921834806e-02,4.307048228292389980e-01,3.782819612607489501e-02
1.211762078223267869e+00,1.893898508178982754e+00,3.402017033831850612e-01,2.251445565266963766e-01,1.383079157696967265e-01,2.871976829244808349e-01,-3.180017510909414202e-01,1.028134600476948046e+00,-8.995612695123354763e-02,-6.215913988876434759e-01,2.889573322979944181e-01
6.133429432054772479e-02,1.191908741665406897e-02,5.642827260750606921e-01,9.969771684147482604e-02,3.036253908081426589e-01,-3.512996884996535149e-04,6.751854338415168300e-02,2.446425778911960982e-04,3.583708563954150078e-02,-6.571154816369948470e-01,1.754293020243946968e-02
7.509799007251806158e-01,1.009040890393634538e+00,1.225797070957298507e-01,1.050134812712162080e-01,1.328747846133826738e-01,-1.284241945972338095e-01,4.691867030398819832e-02,-1.589329607407328426e+00,-9.420011685098318710e-02,4.307685307940736785e-01,3.837319642502088485e-02
2.155582821682295452e-02,3.666990333498434257e-02,9.946343590916335853e-02,3.082406338899982834e-01,4.793127791345870858e-01,1.570190635293774006e+00,4.182469790445741921e-04,-1.432266036370550832e+00,1.059180999755279795e-01,-6.572464786080935983e-01,1.016832769578948983e-02
2.751604041728192632e-02,1.133675120240075079e-01,3.139828366175010377e-01,9.982136832883270472e-02,3.402066935806643544e-01,1.658410930117378695e-02,-1.491567972520132068e+00,-1.782121971214632034e-02,6.992919936788032781e-03,-6.569549133858682000e-01,2.998235929773856306e-02
8.695544201972018605e-01,8.410498661124773401e-01,1.369217942907149932e-01,1.038214393006765823e-01,1.193058865585431422e-01,-1.668737163810337432e+00,-2.030257059428148755e-02,1.591888959411578819e+00,-9.503453628948506371e-02,4.305195937747720025e-01,3.817813734844432982e-02
9.681856038982386004e-01,3.349419532415023881e-01,1.513848707450878572e-01,2.512252535069878778e-01,1.231310141976530298e-01,1.350007224079584622e+00,-5.824545983869074961e-01,3.849537592214751225e-01,1.347777920903063704e-02,-6.180076415262567568e-01,2.972516733699087088e-01
9.685941668258329917e-01,7.664969702458153122e-01,1.721416358366958665e-01,4.425657535620169947e-02,8.827323758281052646e-02,-3.594392255458812357e+00,-7.679117942405642161e-01,2.651978153197690702e+00,-8.480563871466746673e-02,-1.043591685691962201e-01,1.753484664149813632e-01
1.460195067553359927e+00,1.003946779477575602e+00,1.100580774871983830e-01,1.047465735116737545e-01,2.031187010730494125e-01,1.254208214405919453e+00,1.204088317898005661e-01,1.390297527642919473e+00,3.503085405121118823e-02,1.869731159862514369e-01,1.777530037386109707e-01
1.032033592390001031e+00,1.450911650374309581e+00,1.929426412435835680e-01,1.120915923548350679e-01,9.835789486917877189e-02,-3.119269019058041881e-01,-1.850013545092916434e-01,3.226987194504214784e+00,3.627063735565027452e-02,1.869423877685879032e-01,1.755074523800739528e-01
1.023722201098275164e+00,6.296004124899674537e-01,1.202349411129785967e-01,1.358932939575217547e-01,1.087873022584713578e-01,-1.562910501099991634e-01,2.475919427499764791e-02,-1.559789101622637356e-02,-9.389036895284215423e-02,4.307047463104873852e-01,3.782819495823114969e-02
2.839382904194898485e-02,6.720380713739053380e-02,7.979182277841895266e-02,3.363060663090174929e-01,4.065289825884715325e-01,1.570200962967517322e+00,-4.323963088239149118e-05,1.815516429498562401e+00,1.598920864220750859e-01,-6.770523493579370111e-01,-3.815838019497533144e-03
1.030754606610995383e+00,1.448487275273155017e+00,1.119495930499093822e-01,1.928271893298592610e-01,9.832860680059807290e-02,1.274409291865151062e+00,-8.390646757160047375e-02,-1.856913731621957775e-01,3.630918375547689814e-02,1.869658479667917206e-01,1.755042196662120468e-01
2.114499411418607408e-02,4.228946183927780045e-02,3.191259931755798807e-01,9.912762099071414923e-02,4.073706269250984557e-01,2.069201478710458540e-03,-1.282524083189435782e+00,-2.277380106996810573e-03,1.786065109190561606e-01,-6.575578123129603991e-01,6.561122971073115543e-05
1.098531288040398568e+00,3.773336320248069642e-01,1.052526084893881803e-01,1.504999860392073341e-01,8.341365702707793928e-02,2.034487872736707725e+00,9.308399143483040428e-01,4.530454253561888023e-01,2.437483466540245058e-01,-3.087557493079818791e-02,3.129495523792601153e-02
1.456673391091646286e-01,1.252885265009846538e+00,1.403124659966490106e-01,2.524930735421669348e-01,4.558656982543534131e-01,1.636041882634946099e+00,3.168214946364528717e-01,1.766384952418578402e+00,1.607051626962674729e-01,-6.172265533451359865e-01,1.785919215766840207e-01
7.446032923581679119e-01,7.552725199745216056e-01,9.940515567867487523e-02,7.308348899672720278e-02,2.101698996776719397e-01,-4.243246115716047484e+00,-1.976182851440031252e+00,1.164048204198705694e+00,2.969740947344354787e-01,-1.675858639949579995e-02,1.987164180618078424e-02
4.646497999240517540e-02,1.778462827137168301e-01,9.959038455265195600e-02,3.328663086695893281e-01,3.180513838498215118e-01,1.570959011503390013e+00,2.614736410119913174e-03,2.037407994750236817e+00,2.382393139683000316e-01,-6.574735666890433317e-01,-9.595224228237813485e-03
4.976309166512096760e-02,1.200408009086917804e+00,3.419535180643227257e-01,4.323669381963765601e-01,9.905129370357809715e-02,2.684903845798166516e-03,-7.180110823119849606e-01,-1.572241138316254006e+00,2.470582101709338785e-01,-6.576153735916111520e-01,-1.317783422206623631e-02
4.309128587834833851e-02,6.785959967982021501e-01,3.689243249147908799e-01,3.073635063963051639e-01,9.883961561529648610e-02,4.563813973225083753e-03,-1.558929035647485861e+00,-1.574136772832952946e+00,3.141327676135650115e-01,-6.577341495685330441e-01,-8.100754770352883855e-03
9.803190499001159797e-01,1.928085071912752246e+00,1.719788269917254808e-01,8.120165264084100443e-02,1.286022291522640193e-01,2.768601902583399887e+00,-8.809798439797098535e-01,8.324822325036028703e-01,3.212902848881735718e-01,1.327398799259671969e-01,6.755514552883090662e-02
1.974345853397029282e-01,1.309354904048994461e+00,1.424780672070863619e-01,2.421136873186052474e-01,5.057172744454058178e-01,1.640312454079888349e+00,3.542611500463679897e-01,1.760868124768817600e+00,1.703890466914062540e-01,-6.174090865973996811e-01,1.884214142988425988e-01
8.491970086558536801e-02,7.766017147986191693e-01,3.806134902700518685e-01,3.043274817255702258e-01,9.913006934800568104e-02,-1.004690822401072658e+00,-1.571295931717824113e+00,-5.645453636090537186e-01,3.175031357454642933e-01,-6.576788995679994088e-01,-1.859222432687859111e-02
1.570271537571407583e+00,5.362582474477805006e-01,2.061846834732288525e-01,9.478152991385992154e-02,2.114069740808053044e-01,-8.101255497274048034e-01,5.457211957813176140e-01,-1.296893763988742787e+00,3.434941307636746877e-01,-1.086599021611995980e-01,-1.050776653563435629e-02
7.517022475869677978e-01,5.527460930127044980e-01,1.394317087842536773e-01,7.191662170999887915e-02,4.071295836144074587e-02,-3.532402197721822845e-01,4.712056283209944268e-02,2.224927616046973089e+00,2.712115018714886805e-01,-1.568828212127622579e-01,1.842230481623786942e-01
6.916249280609093608e-01,1.117062202744367516e+00,7.572758775850649271e-02,1.122369407171256855e-01,1.851829112997510074e-01,-1.274395863822790076e-01,-1.439524138472532688e-01,2.753212321842699595e+00,3.197871733593761201e-01,2.144242831288247497e-01,4.907767606815542638e-02
8.274270144494092483e-01,5.196620751062056565e-01,2.531060603117278873e-01,9.034540885834382862e-02,3.181896483868466019e-01,-2.610740993173300134e-02,3.883151252333624792e-01,-1.084383938743379849e-01,3.695450385103253299e-01,-6.280090473808405127e-01,-1.395513710773279292e-01
9.961046179515228305e-01,1.999994038602535884e+00,1.429199233830998061e-01,1.007194475449526699e-01,7.505883295689438905e-02,1.089933142542374611e+00,-2.966113698695231893e-01,-1.278813105831630326e+00,3.411816663696757290e-01,-4.076092484794457960e-01,-8.982403589413615053e-02
1.587782393033092820e-01,1.085689939929879833e+00,1.018398260151837931e-01,1.695465624177433794e-01,1.371624521972962529e-01,-2.143370404988052424e+00,9.197507537810506451e-01,3.229803587043007074e+00,3.955016451756831475e-01,9.340417900690933806e-02,1.551151969569191172e-02
1.038586131774077437e+00,5.336581214183689914e-01,1.309099513944008419e-01,7.866131951242250064e-02,2.030974323672956605e-01,-4.037442557282922007e-01,-3.146067498909449478e-01,-4.319256902934003883e-01,3.777419238636744447e-01,1.723751031300368997e-01,-9.709100941207374214e-03
1.212986002378185546e+00,4.488452534597948129e-01,1.323683156226471702e-01,8.118738401982840414e-02,8.646132291962307925e-02,1.043730176748912442e+00,-1.377100542078535661e-01,3.648711803478035254e-01,2.995634331519422822e-01,2.468491992071212837e-01,1.427764631317544330e-01
1.420610629884112130e+00,4.847362949633250429e-01,1.807121367442721116e-01,1.120968510211368119e-01,2.150181255447069228e-01,-2.971580971266937210e-01,4.994115419677897516e-01,-8.925662092965515049e-01,3.474060152800034218e-01,-1.038937114572238835e-01,1.881885149927228426e-02
4.226684587492987588e-02,6.269889067391446469e-01,3.715017374155216712e-01,3.122427731530447725e-01,8.933536701687583292e-02,3.137080650368666568e+00,-1.673328330581447254e+00,1.576454893260651691e+00,3.100232638468888302e-01,-6.672722087822227088e-01,-1.451526157085858935e-02
5.569731846570704636e-01,1.001539854705717270e+00,7.516336670712484014e-02,8.279898943856796312e-02,1.658229754090625452e-01,-4.092316661806865152e-01,1.592697534709994478e-01,-1.866311063128539338e+00,3.542148855784998385e-01,-3.719434682634660816e-01,-1.025557215822289064e-01
7.049548833034515738e-01,3.274273912761318517e-01,1.074807515454835327e-01,1.182107192987358474e-01,7.956362471075636988e-02,1.092020226464907040e+00,-7.876336993779052553e-02,1.139366537158332138e+00,3.248340806156026495e-01,2.519223579036850569e-01,1.040170892640943229e-01
1.034879922335589564e+00,1.521833807325503107e+00,2.911696407334095071e-01,1.188381340835337058e-01,1.165240031623400452e-01,1.387235874371836930e+00,-2.189324532382376232e-01,1.529825459669275300e+00,4.398577073491566902e-01,3.429018779303765196e-01,5.665047064446105535e-02
5.918023670259132674e-01,9.714759577718417027e-01,7.060719410306047494e-02,1.390758556486918207e-01,1.361803967214976763e-01,1.187733413087482148e+00,6.724925258060709954e-02,-2.624785621755716392e+00,4.031882668403036218e-01,1.220200457849277553e-01,-5.718698589328712056e-02
1.141430809764935272e+00,5.557188761748338424e-01,1.045068084943046038e-01,2.826402467120267548e-01,2.562385453967510607e-01,1.638930769604111770e+00,-6.335843786197803418e-02,-3.607535336042740681e+00,3.480771466721406804e-01,-6.587987847768560501e-01,-2.065114475354195289e-01
9.530843403313050688e-01,5.924973259250173596e-01,7.427797352336280856e-02,1.898433467038139477e-01,8.343110756547700291e-02,-4.471391098724057378e-01,3.282590133977800750e-01,-3.177012651226360784e-01,3.523263647168246027e-01,-3.745789354478080146e-01,-1.020774458838804299e-01
8.232105378708828303e-01,8.121440376819183404e-01,7.799590130648001440e-02,4.358605869056342980e-02,1.841585418442380773e-01,1.771933549631311111e+00,1.080719128006076973e-01,2.745610525431358973e+00,4.123184871327379986e-01,-2.000390446979841141e-01,6.695627505605170060e-02
1.094808185180901949e+00,1.144016739637920166e+00,1.083987921151630257e-01,1.099929013540736772e-01,2.970445496162104071e-01,-2.397197421655412164e+00,-8.900804368504424691e-01,5.445134198839469697e-01,4.066278143658590971e-01,-1.293206737627296821e-01,-2.654443358463310157e-02
1.524726710529725471e-01,1.118521926786851139e+00,1.299030776366422724e-01,1.550175253196564573e-01,2.022549287142819674e-01,-8.114138591807220635e-01,-1.478144082487061306e+00,-9.301718135075009997e-01,3.773784624696572831e-01,1.234132799411228644e-02,3.685384203579050721e-02
6.849142748268554071e-01,9.955365746678984662e-01,7.520454379808177992e-02,8.288936653565531776e-02,1.870188670434046740e-01,-4.185714032113157512e-01,1.772902668748259358e-01,-1.863493557045908799e+00,3.525395267047216064e-01,-3.762664739300263794e-01,-1.010884599919691235e-01
1.332660353915574136e+00,7.420539726816904880e-01,1.435187966642585411e-01,2.377236642486424412e-01,1.123046822483774049e-01,-2.494629676103016003e+00,-1.180887023087413557e+00,2.676406760807263030e+00,4.033526232365792219e-01,-4.877257935323038585e-02,3.039694988988425259e-02
1.007048736011199708e+00,4.417661187428346681e-01,2.393280775949488404e-01,6.417822588843823117e-02,5.643545926858775652e-02,-4.627077318900629233e-01,-1.871509866256103050e-01,-2.506093096166390310e+00,5.493856379884995977e-01,5.336319632246765143e-02,-1.305422272015382967e-01
1.521320421883291196e+00,9.680373332268258357e-01,1.473386464027294507e-01,1.137939148761095698e-01,1.545279297791292417e-01,1.988732531156579331e+00,-3.624050066065496734e-01,1.584265114070037894e+00,4.612454161769462546e-01,3.904629531210057625e-01,5.812917506786843130e-02
1.025344184379568979e+00,1.496586571498541796e+00,2.822842485094415599e-01,1.184932875647192740e-01,1.163432320063168129e-01,1.390815980669456664e+00,-2.089754997748284049e-01,1.556019920925650668e+00,4.403205078722872701e-01,3.442109523084387890e-01,5.717680026087065825e-02
8.451865398949706121e-01,1.383865128194181393e+00,2.818300664117325272e-01,1.103128102424374146e-01,9.938306098255166032e-02,1.356635526970638272e+00,-6.328822974848533622e-01,2.038606610036560518e+00,4.067102659470550607e-01,-1.417983576868663276e-01,-2.826215108059583481e-02
7.335045163858940898e-01,1.079182652955672062e+00,1.354852596157784250e-01,2.956606638791212105e-01,1.131491162324131522e-01,-4.917584554244934791e-01,6.409932842395020813e-01,1.036610559362143025e-01,3.842975939567411237e-01,2.699748440259089680e-02,3.527140052172941798e-02
9.407903085466233772e-01,5.110588901934307593e-01,1.337303497288889476e-01,6.143673755605832260e-02,5.647367479815261493e-02,9.694861307785652693e-01,-2.927367404091224534e-01,-3.641618788847504895e+00,4.977813165010561702e-01,6.459206491955676865e-01,1.751285077410141278e-01
6.167051122282944942e-01,1.757137304585489890e+00,2.757574491830854790e-01,2.068173918011008416e-01,1.559737586380763319e-01,5.494848681692934139e-02,5.897478853738646887e-01,1.610027041286097305e+00,5.151598848472668246e-01,-6.061736027779496272e-01,1.895538977886785936e-01
9.185624250807210567e-01,1.365987383832124591e+00,2.682319468886948943e-01,1.348065973846210019e-01,1.194921478338352300e-01,1.671264747835573772e+00,-5.343077715933234328e-01,1.609699618473533489e+00,3.937782349463748721e-01,-7.552646940717525070e-02,1.520588414325334953e-02
6.970127464340064583e-01,8.883151233120103463e-01,6.037510346709296788e-02,2.185926095820472370e-01,9.889185863868926729e-02,3.614320108863754211e+00,-9.979678751454588159e-01,-1.323755490129104873e+00,5.382838293064943214e-01,4.350734132481220429e-01,6.706899240714196686e-02
1.737469651286239980e+00,4.053474228687177217e-01,6.212928837861278475e-02,9.593488997841602417e-02,1.677224439535630607e-01,-2.339679795446041322e+00,-1.094059393853738849e+00,5.597854738295540145e-01,6.026826832031267900e-01,4.934806294030077978e-01,1.131112895689253550e-01
9.765868382529365732e-01,9.708415316633229875e-01,4.902705267943126971e-02,1.112253750870190599e-01,1.373852906257606865e-01,1.349042428513590908e+00,4.728249849842137142e-01,1.000938102913286443e+00,5.794804280281686815e-01,5.966057391536965654e-02,-8.360897089759035394e-02
9.492883776880333135e-01,7.841283843433921596e-01,7.592109264985032191e-02,2.369212542937337296e-01,8.394787322979752053e-02,1.242502018335396446e-01,-1.159075129312403307e+00,1.719311031649982668e+00,5.111575222435994492e-01,1.809718376800517892e-01,5.757208804054828044e-02
6.915076379826194941e-01,1.476716470156020700e+00,1.064873124218593120e-01,1.173234754933823593e-01,4.766268430431540998e-02,4.248315657663843670e-01,-7.149563419560251987e-01,3.175166413944158439e+00,5.570160869249204394e-01,6.702519323313835820e-01,2.078176651690369636e-01
9.841831632965442056e-01,8.602679435707695221e-01,7.228646970563758212e-02,1.981176762515932943e-01,5.388220139291047955e-02,-4.779055073823902655e-02,-4.031915701992381251e-01,-2.459712859047801015e+00,6.133842659386495866e-01,5.658965816542446126e-01,1.626241856846370737e-01
1.183496283327953730e-01,3.852772927462224523e-02,9.937654726871308908e-02,3.144369377325659243e-01,3.204498547117969331e-01,1.571480936189808331e+00,3.857978726631895467e-04,4.265082911837954627e-01,2.913000800539995994e-01,-6.575487233036824142e-01,-2.955326776501542019e-02
8.069366187520381484e-01,4.946259990124656780e-01,2.917173710616989823e-01,9.151079562804827205e-02,3.319594349396511324e-01,3.302005143349246753e-03,3.791791862940455671e-01,-7.592175179297171173e-02,3.336270948587052310e-01,-6.317862589226459491e-01,-1.225516527763465952e-01
1.157977424806794220e+00,6.963721098037554125e-01,1.566219861921890610e-01,6.436016415047796091e-02,6.899811220179472016e-02,1.041068356159814412e+00,-3.251210646734438381e+00,1.068815146751836975e+00,6.733113848932225087e-01,2.694105129860624448e-01,7.944118284246905540e-03
1.154015111620824596e+00,6.613092502356341384e-01,6.900492317405584886e-02,1.563522411738329232e-01,7.517316863682890760e-02,-7.508512178496949963e-01,2.379770601472034119e+00,1.624598447518241506e-01,6.282507965349715118e-01,2.229772682513445070e-01,1.226978083432307340e-02
9.236873514896940529e-01,8.853489052939604864e-01,5.103129060881356205e-02,5.590796365370632320e-02,1.164705699405018946e-01,1.243950247367533901e+00,1.123425443293198489e+00,4.091990854189019866e-01,6.224759760354637850e-01,6.194858128443317957e-01,1.966191696319248006e-01
6.374314346130730558e-01,1.396911186483272616e+00,6.841322259657299509e-02,2.086058457563108870e-01,4.612009653931740255e-02,1.078051978883031170e+00,-7.040897795796849934e-01,-1.620140830489593953e-01,6.459578919345395631e-01,1.043338304824234682e-02,-1.058416000331188211e-01
5.452678977606967292e-01,1.115847663298976888e+00,4.285407050608706220e-02,4.653371025521151755e-02,1.169148149923178032e-01,8.326626903716896066e-01,9.514408989285173535e-01,-3.107960297033669494e+00,6.836589071352042746e-01,8.500528363171067081e-02,-1.769155308255102033e-02
8.701523202873361340e-01,9.515341447691140209e-01,5.088778812243670291e-02,1.191424992330151339e-01,6.007568436999467104e-02,-2.824137257105245880e-01,1.958408820662342231e+00,-7.069444810938295687e-01,6.930851013145710171e-01,4.568944695765398412e-01,2.668607937810442768e-02
8.038204257431270650e-01,8.565532938346868130e-01,1.245090724532411652e-01,7.985927898937236757e-02,4.946384058406701201e-02,9.526652607231227421e-01,-5.363156548672273205e-01,7.896041472942073591e-01,7.159996866592929221e-01,5.344934947364733402e-01,5.545840988730230819e-02
1.345773669113319304e+00,8.840200571723519918e-01,2.504990600363478093e-01,1.783042345383606120e-01,1.757006512610556348e-01,-2.349040542320703917e-01,8.773509541004244072e-01,5.014984252282339572e-01,5.483640751360007171e-01,-6.056411259244200984e-01,1.641576737769176175e-01
7.404295549509981589e-01,8.934603479011165028e-01,1.268937978045815707e-01,5.015080279969721250e-02,7.953080685421962115e-02,-2.156490402572272203e+00,4.501651338745233932e-01,-2.371030757779290621e+00,7.109029878962770388e-01,5.275134573831481433e-01,5.366506355114338683e-02
8.528963242734624028e-01,1.032206012305917353e+00,6.453246984293879718e-02,6.465723252240328234e-02,1.557622776921439300e-01,1.732185385223366625e+00,1.413290488199443917e+00,-2.487556725435990046e+00,6.754989746705718501e-01,2.733604891526404956e-01,8.639557547004119917e-03
4.128302180674293248e-02,9.480851340534061089e-01,3.481072544884046827e-01,3.374486056283379498e-01,7.881277137163406055e-02,3.142571889463687373e+00,-8.984284411998627595e-01,1.567873221460122535e+00,-3.241162892695990116e-01,-6.774077453736604415e-01,7.706093082767151436e-03
7.426216114817097980e-01,2.849420829559078383e-01,1.081686931314212452e-01,1.009082366978780176e-01,5.333158133132517159e-02,-1.039717377419961120e-01,1.357522126240104376e-01,4.327457316467122062e-01,-2.535624741949802918e-01,-1.704807296807254735e-01,-8.804027686324281121e-02
7.033955728012427633e-01,3.529205615283009800e-01,1.255527444583618701e-01,1.052749643679409958e-01,4.445145305261950092e-02,-1.553000510041431248e+00,4.268190126022824438e-01,8.558748876456927501e-01,-1.704029725608740831e-01,-1.696046446680439801e-01,-5.604383325638095936e-02
1.059567448130461553e+00,2.556703947233064378e-01,2.683812781982931051e-01,1.297604673800993036e-01,4.227198399635275772e-01,5.197127776170722482e-03,-5.395340959705979822e-01,-1.661617953793765035e-01,-4.930336922029758540e-02,-6.203387743240804664e-01,9.855969886096815902e-02
8.503727116057924196e-01,1.474585372410269102e+00,1.140738218147766408e-01,1.102399154123405584e-01,7.950173691823698985e-02,7.897513977284845721e-01,-4.685836571178583765e-01,2.046438020853728723e+00,3.067676365085934553e-01,2.716782307456223622e-01,1.294770851287903313e-01
5.331575996890377533e-01,1.556907656933797623e+00,2.058094634961425695e-01,1.829874115188971639e-01,1.721160330905928681e-01,-6.458584945427945367e-01,1.237482475042305657e-03,3.120735168616374858e-02,5.300918824323155309e-01,-6.041732716913520429e-01,1.922633202733682878e-01
8.405223574246528662e-01,7.754416455122764562e-01,7.123323197103151316e-02,4.488790616690561952e-02,1.421055640978277634e-01,-1.015452041795125382e+00,2.540615455576628268e+00,3.871479154017101743e-01,6.422827552604970514e-01,5.186567237307330158e-01,1.450205690675379910e-01
4.425508703467891797e-02,9.354596140219846312e-01,3.140382976660429093e-01,4.338603787068563422e-01,9.012513068566936625e-02,-1.482337293092894810e-03,-1.854407388704498283e+00,-1.569090536311758433e+00,2.582254284370019692e-01,-6.665921985945054695e-01,3.598683383219346971e-02
1.386298382381649263e+00,1.159748855358072372e+00,2.031583092794267131e-01,1.781007254147635999e-01,2.723490141502236117e-01,9.730527993663793396e-01,-9.060122881634199432e-01,-5.955854778361540092e-01,5.089257705314287339e-01,-5.970879316141015636e-01,1.831501551479630396e-01
